,Time,VNE atom9 t_q = linear flat,VNE atom8 t_q = linear flat,VNE atom7 t_q = linear flat,VNE atom6 t_q = linear flat,VNE atom5 t_q = linear flat,VNE atom4 t_q = linear flat,VNE atom3 t_q = linear flat,VNE atom2 t_q = linear flat,VNE atom9 t_q = 1,VNE atom8 t_q = 1,VNE atom7 t_q = 1,VNE atom6 t_q = 1,VNE atom5 t_q = 1,VNE atom4 t_q = 1,VNE atom3 t_q = 1,VNE atom2 t_q = 1
0,0.0,0.0007674449727747279,0.0007674449727747279,0.0007674449727747279,0.0014324306549576213,0.0014365348069036374,0.0014361006452799363,0.0014365348069031655,0.0014324306549581035,0.0007674449727747279,0.0007674449727747279,0.0007674449727747279,0.0014324306549576213,0.0014365348069036374,0.0014361006452799363,0.0014365348069031655,0.0014324306549581035
1,0.01,0.010177714296888771,0.010177714296888771,0.010177714296888771,0.01808231641904289,0.018350071516302534,0.0182903678416583,0.018350071516302864,0.018082316419043003,0.010177714759033932,0.010177714759033932,0.010177714759033932,0.01808231531820739,0.018350080370251542,0.018290261773186052,0.018356565659146097,0.020921320800687933
